,val_loss,val_accuracy,val_precision_1,val_recall_1,loss,accuracy,precision_1,recall_1
0,1.9355827539042711,0.14193083345890045,0.0,0.0,2.3955652067915505,0.16643303632736206,0.7761760950088501,0.0006707928841933608
1,1.8988793336005307,0.3061959743499756,1.0,0.0009302325779572129,2.359707345192989,0.20844028890132904,0.8411809802055359,0.0037929867394268513
2,1.842561495750713,0.3969740569591522,0.915730357170105,0.07581395655870438,2.2971880786357075,0.2631608843803406,0.7967568635940552,0.045605700463056564
3,1.794269354267835,0.35806915163993835,0.7938388586044312,0.15581394731998444,2.2418638869733565,0.30521509051322937,0.7920604944229126,0.0801948830485344
4,1.7722345027181532,0.40706050395965576,0.8296530246734619,0.1223255842924118,2.185080855998938,0.33671900629997253,0.7638161182403564,0.1292046457529068
