,model,accuracy,precision,recall,f1score,specificity
0,randomforest,0.6427953890489914,0.6458321236583189,0.6403458213256483,0.6388329161179023,0.9742549140905102
0,xgboost,0.6605187319884726,0.6580603761548913,0.6634005763688762,0.6519572144755711,0.9751842192839176
