,model,accuracy,precision,recall,f1score,specificity
0,xgboost,0.6605187319884726,0.6580603761548913,0.6634005763688762,0.651957214475571,0.9751842192839176
