,model,accuracy,precision,recall,f1score,specificity
0,gnb,0.7118155619596541,0.7236370882994793,0.7122478386167147,0.7119395251243332,0.6713513513513514
0,randomforest,0.8295389048991355,0.8316027985778428,0.829250720461095,0.826015384978567,0.837431693989071
0,xgboost,0.8449567723342939,0.8449149546239105,0.848270893371758,0.8432072406393012,0.8333333333333334
0,MLPC,0.8491354466858789,0.8525413920677594,0.8419308357348703,0.8450907719911094,0.8681948424068768
