,model,accuracy,precision,recall,f1score,specificity
0,gnb,0.5586455331412103,0.5895281466188679,0.5554755043227666,0.5589075296182888,0.9672796996461022
0,logit,0.21066282420749277,0.09152409687764648,0.21311239193083575,0.10863159324814356,0.9375150009733781
0,knn,0.14711815561959654,0.1461357569940947,0.1488472622478386,0.13700471639304979,0.938348090093142
0,decisiontree,0.42363112391930835,0.4228360846229743,0.4170028818443804,0.41783855466463304,0.9586738463370483
0,randomforest,0.6180115273775216,0.6306566541033192,0.6165706051873199,0.5900437515320407,0.971653426198314
0,xgboost,0.6332853025936599,0.6250114004068392,0.6279538904899136,0.6228875761117563,0.9739812079455952
0,MLPC,0.5720461095100864,0.5363349883650846,0.5677233429394812,0.5062533360085673,0.9683593089217312
