,model,accuracy,precision,recall,f1score,specificity
0,gnb,0.11618181818181819,0.07718900709427026,0.1182020202020202,0.09059006781927317,0.9419577782570734
0,logit,0.11428282828282828,0.08846004680447404,0.11816161616161616,0.086172761143137,0.9394924124621695
0,knn,0.046121212121212125,0.07027946050365405,0.06214141414141414,0.05531641119080538,0.937191923332509
0,decisiontree,0.09418181818181819,0.06439332889332891,0.08024242424242425,0.09287298961024451,0.9372837862690597
0,randomforest,0.10420202020202021,0.12094058842392177,0.09212121212121213,0.10917180898710595,0.9387719091270154
0,xgboost,0.11222222222222222,0.08634227192560526,0.1041212121212121,0.1002974242991271,0.9370691826474723
0,MLPC,0.0882020202020202,0.0586121745404354,0.0782020202020202,0.07125575056587467,0.9424364595494525
