,model,accuracy,precision,recall,f1score,specificity
0,gnb,0.24755043227665707,0.16363596913661915,0.2462536023054755,0.17081033052052244,0.9424531168172328
0,logit,0.24020172910662824,0.13911832576102628,0.24452449567723344,0.16208202360228335,0.9416793349537094
0,knn,0.16570605187319884,0.15806038417087934,0.16368876080691644,0.1581683238671395,0.9396350083047627
0,decisiontree,0.16253602305475504,0.16004829287083158,0.1612391930835735,0.160094160428981,0.9401141331469418
0,randomforest,0.219164265129683,0.1774042042218081,0.21440922190201733,0.19487976715928917,0.9428956220968718
0,xgboost,0.22910662824207492,0.19104197016076857,0.23069164265129682,0.2000489568897208,0.9426504651972474
0,MLPC,0.23371757925072045,0.17941174236622368,0.22780979827089337,0.15336877755777917,0.9423471609440209
